<?xml version="1.0" encoding="UTF-8"?>
<metadata xml:lang="es"><Esri><CreaDate>20250516</CreaDate><CreaTime>15194000</CreaTime><ArcGISFormat>1.0</ArcGISFormat><SyncOnce>TRUE</SyncOnce><DataProperties><lineage><Process ToolSource="c:\program files (x86)\arcgis\desktop10.8\ArcToolbox\Toolboxes\Data Management Tools.tbx\CalculateField" Date="20250516" Time="151940">CalculateField "Ocupación Ilegal_2025" ocupacio_1 "Lote" VB #</Process><Process ToolSource="c:\program files (x86)\arcgis\desktop10.8\ArcToolbox\Toolboxes\Data Management Tools.tbx\CalculateField" Date="20250516" Time="152314">CalculateField "Ocupación Ilegal_2025" Tipo_Ocu "Lote" VB #</Process><Process ToolSource="c:\program files (x86)\arcgis\desktop10.8\ArcToolbox\Toolboxes\Data Management Tools.tbx\CalculateField" Date="20250516" Time="152353">CalculateField "Ocupación Ilegal_2025" Tipo_Ocu "En Proceso" VB #</Process><Process ToolSource="c:\program files (x86)\arcgis\desktop10.8\ArcToolbox\Toolboxes\Data Management Tools.tbx\CalculateField" Date="20250516" Time="152443">CalculateField "Ocupación Ilegal_2025" Tipo_Ocu "Provisional" VB #</Process><Process ToolSource="c:\program files (x86)\arcgis\desktop10.8\ArcToolbox\Toolboxes\Data Management Tools.tbx\CalculateField" Date="20250516" Time="152551">CalculateField "Ocupación Ilegal_2025" Tipo_Ocu "Consolidada" VB #</Process><Process ToolSource="c:\program files (x86)\arcgis\desktop10.8\ArcToolbox\Toolboxes\Data Management Tools.tbx\CalculateField" Date="20250516" Time="152756">CalculateField "Ocupación Ilegal_2025" Localidas "Usaquén" VB #</Process><Process ToolSource="c:\program files (x86)\arcgis\desktop10.8\ArcToolbox\Toolboxes\Data Management Tools.tbx\CalculateField" Date="20250516" Time="152948">CalculateField "Ocupación Ilegal_2025" Localidas "Chapinero" VB #</Process><Process ToolSource="c:\program files (x86)\arcgis\desktop10.8\ArcToolbox\Toolboxes\Data Management Tools.tbx\CalculateField" Date="20250516" Time="153039">CalculateField "Ocupación Ilegal_2025" Localidas "Santa Fe" VB #</Process><Process ToolSource="c:\program files (x86)\arcgis\desktop10.8\ArcToolbox\Toolboxes\Data Management Tools.tbx\CalculateField" Date="20250516" Time="153113">CalculateField "Ocupación Ilegal_2025" Localidas "San Cristóbal" VB #</Process><Process ToolSource="c:\program files (x86)\arcgis\desktop10.8\ArcToolbox\Toolboxes\Data Management Tools.tbx\CalculateField" Date="20250516" Time="153317">CalculateField "Ocupación Ilegal_2025" Localidas "Usme" VB #</Process><Process ToolSource="c:\program files (x86)\arcgis\desktop10.8\ArcToolbox\Toolboxes\Data Management Tools.tbx\CalculateField" Date="20250516" Time="153407">CalculateField "Ocupación Ilegal_2025" Localidas "Tunjuelito" VB #</Process><Process ToolSource="c:\program files (x86)\arcgis\desktop10.8\ArcToolbox\Toolboxes\Data Management Tools.tbx\CalculateField" Date="20250516" Time="153604">CalculateField "Ocupación Ilegal_2025" Localidas "Bosa" VB #</Process><Process ToolSource="c:\program files (x86)\arcgis\desktop10.8\ArcToolbox\Toolboxes\Data Management Tools.tbx\CalculateField" Date="20250516" Time="153653">CalculateField "Ocupación Ilegal_2025" Localidas "Kennedy" VB #</Process><Process ToolSource="c:\program files (x86)\arcgis\desktop10.8\ArcToolbox\Toolboxes\Data Management Tools.tbx\CalculateField" Date="20250516" Time="153913">CalculateField "Ocupación Ilegal_2025" Localidas "Fontibón" VB #</Process><Process ToolSource="c:\program files (x86)\arcgis\desktop10.8\ArcToolbox\Toolboxes\Data Management Tools.tbx\CalculateField" Date="20250516" Time="154131">CalculateField "Ocupación Ilegal_2025" Localidas "Engativá" VB #</Process><Process ToolSource="c:\program files (x86)\arcgis\desktop10.8\ArcToolbox\Toolboxes\Data Management Tools.tbx\CalculateField" Date="20250516" Time="154249">CalculateField "Ocupación Ilegal_2025" Localidas "Suba" VB #</Process><Process ToolSource="c:\program files (x86)\arcgis\desktop10.8\ArcToolbox\Toolboxes\Data Management Tools.tbx\CalculateField" Date="20250516" Time="154447">CalculateField "Ocupación Ilegal_2025" Localidas "Puente Aranda" VB #</Process><Process ToolSource="c:\program files (x86)\arcgis\desktop10.8\ArcToolbox\Toolboxes\Data Management Tools.tbx\CalculateField" Date="20250516" Time="154553">CalculateField "Ocupación Ilegal_2025" Localidas "Rafael Uribe Uribe" VB #</Process><Process ToolSource="c:\program files (x86)\arcgis\desktop10.8\ArcToolbox\Toolboxes\Data Management Tools.tbx\CalculateField" Date="20250516" Time="154855">CalculateField "Ocupación Ilegal_2025" Localidas "Ciudad Bolívar" VB #</Process><Process ToolSource="c:\program files (x86)\arcgis\desktop10.8\ArcToolbox\Toolboxes\Data Management Tools.tbx\CalculateField" Date="20250516" Time="155133">CalculateField "Ocupación Ilegal_2025" poligono_3 "Prevención" VB #</Process><Process ToolSource="c:\program files (x86)\arcgis\desktop10.8\ArcToolbox\Toolboxes\Data Management Tools.tbx\CalculateField" Date="20250516" Time="155404">CalculateField "Ocupación Ilegal_2025" Tipo_PMon "Prevención" VB #</Process><Process ToolSource="c:\program files (x86)\arcgis\desktop10.8\ArcToolbox\Toolboxes\Data Management Tools.tbx\CalculateField" Date="20250516" Time="155440">CalculateField "Ocupación Ilegal_2025" Tipo_PMon "Control" VB #</Process><Process ToolSource="c:\program files (x86)\arcgis\desktop10.8\ArcToolbox\Toolboxes\Data Management Tools.tbx\CalculateField" Date="20250516" Time="160004">CalculateField "Ocupación Ilegal_2025" Tipo_PMon "Prevención" VB #</Process><Process ToolSource="c:\program files (x86)\arcgis\desktop10.8\ArcToolbox\Toolboxes\Data Management Tools.tbx\CalculateField" Date="20250516" Time="160355">CalculateField "Ocupación Ilegal_2025" Tipo_PMon "Preven" VB #</Process><Process ToolSource="c:\program files (x86)\arcgis\desktop10.8\ArcToolbox\Toolboxes\Data Management Tools.tbx\CalculateField" Date="20250516" Time="160632">CalculateField "Ocupación Ilegal_2025" Tipo_PMon "Control" VB #</Process></lineage></DataProperties></Esri></metadata>
